"bag001-256.jpg","バルーン型トートバッグ【ネット限定カラーあり】","3045"
"bag002-256.jpg","一枚合皮のリバーシブルトートバッグ","3675"
"bag003-256.jpg","軽量２ウェイショルダーバッグ","3990"
"bag004-256.jpg","ナイロンコンビ３ウェイバッグ","5990"
"bag005-256.jpg","ラフィアビッグトートバッグ(アンチフォルムデザイン)","12075"
"bag006-256.jpg","【好評につき、新色追加】シンプルで使いやすい♪ベーシックミニトートバッグ","1990"
"bag007-256.jpg","ナイロン×レザーツーウェイバッグ(Fascina／ファシーナ)","9975"
"bag008-256.jpg","本革メッシュバッグ(zucchero filato)","13650"
"bag009-256.jpg","折りたたみトートバッグ","1995"
"bag010-256.jpg","仕分けができる９ポケットマザーズバッグ","5229"
"bag011-256.jpg","２ウェイボストンバッグ(SAC)","5145"
"bag012-256.jpg","メッシュショルダーバッグ","2990"
"bag013-256.jpg","１０ポケット２ウェイバッグ(ディズニー)","4990"
"bag014-256.jpg","多機能マルチショルダーバッグ(ディズニー)","4990"
"bag015-256.jpg","切り替えカラートートバッグ(マリ・クレール)","12600"
"bag016-256.jpg","セミショルダーバッグ","3990"
"bag017-256.jpg","２ウェイセミショルダーバッグ(mini labo)","2932"
"bag018-256.jpg","メタリック合皮使い２ウェイショルダーバッグ","4990"
"bag019-256.jpg","ツーウェイワンショルダーバッグ(フィッチ)","8190"
"bag020-256.jpg","パンチング手提げバッグ(ラメットベリー)","7980"
"bag021-256.jpg","ショルダーバッグ(ディズニー)","4990"
"bag022-256.jpg","綿麻トートバッグ","3990"
"bag023-256.jpg","折りたたみビッグトートバッグ(ディズニー)","2990"
"bag024-256.jpg","花柄トートバッグ","9870"
"bag025-256.jpg","花柄バッグ","9450"
"bag026-256.jpg","レザーツーウェイバッグ","9990"
"bag027-256.jpg","ディパック(コールマン)","4980"
"bag028-256.jpg","２ウェイがま口バッグ(ディズニー)","4990"
"bag029-256.jpg","メッシュトートバッグ(デラクラッセ)","7980"
"bag030-256.jpg","レザーワンショルダーバッグ","9990"
"bag031-256.jpg","デイバッグ／トートバッグ(キャスキッドソン／Cath Kidston)","7875"
"bag032-256.jpg","デイバッグ／トートバッグ(キャスキッドソン／Cath Kidston)","7875"
"bag033-256.jpg","トートバッグ(Fascina／ファシーナ)","5985"
"bag034-256.jpg","セミショルダーバッグ(デラクラッセ)","7980"
"bag035-256.jpg","レザートートバッグ(Lucca Italy／ルカ イタリー)","10500"
"bag036-256.jpg","レーザーカットトートバッグ","4990"
"bag037-256.jpg","２ウェイマルチトートバッグ(mini labo)","5990"
"bag038-256.jpg","ナイロンコンビ２ウェイバッグ","4990"
"bag039-256.jpg","お受験バッグ","2990"
"bag040-256.jpg","異素材コンビトートバッグ","5990"
"bag041-256.jpg","レザーツーウェイバッグ","15750"
"bag042-256.jpg","３ポケット２ウェイショルダーバッグ","3990"
"bag043-256.jpg","セミショルダーバッグ","3990"
"bag044-256.jpg","メッシュショルダーバッグ(ディズニー)","3990"
"bag045-256.jpg","ショルダーバッグ(adidas/アディダス)","2572"
"bag046-256.jpg","折りたたみ収納可能なナイロントートバッグ(ユナイテッドカラーズオブベネトン)","2980"
"bag047-256.jpg","２ウェイショルダーバッグ(SAC)","5145"
"bag048-256.jpg","カジュアルジムバッグ","4990"
"bag049-256.jpg","小ぶりな異素材コンビ手さげバッグ","3990"
"bag050-256.jpg","デイパック(SAC)","5145"
"bag051-256.jpg","ムラシワ合皮２ウェイバッグ","6195"
"bag052-256.jpg","三角形フォルムのショルダーバッグ","4990"
"bag053-256.jpg","ツーウェイバッグ(マリ・クレール)","16800"
"bag054-256.jpg","３室構造のショルダーバッグ","4990"
"bag055-256.jpg","トートバッグ(ディズニー)","3990"
"bag056-256.jpg","ジムバッグ(ディズニー)","4990"
"bag057-256.jpg","パッカブルボストンバッグ(le coq sportif／ルコックスポルティフ)","1995"
"bag058-256.jpg","チャーム付きセミショルダーバッグ(SAC)","6195"
"bag059-256.jpg","リュックにもなる２ウェイショルダーバッグ","4990"
"bag060-256.jpg","フェルト刺しゅう手提げバッグ","1428"
"bag061-256.jpg","ブックトート／トートバッグ(キャスキッドソン／Cath Kidston)","3307"
"bag062-256.jpg","２ウェイショルダーバッグ","5990"
"bag063-256.jpg","２ウェイショルダーバッグ／１２５６０(ヴェラ ブラッドリー／Vera Bradley)","5512"
"bag064-256.jpg","ミニバッグ(ルコック)","1050"
"bag065-256.jpg","レザートートバッグ","9990"
"bag066-256.jpg","通勤フィットネスバッグ（中）","4590"
"bag067-256.jpg","トートバッグ","3990"
"bag068-256.jpg","パンチングレザーツーウェイバッグ(ラメットベリー)","13650"
"bag069-256.jpg","２ウェイナイロンバッグ","2352"
"bag070-256.jpg","大容量！軽くて使いやすいピンドットボストンバッグ","980"
"bag071-256.jpg","口金セミショルダーバッグ(デザインファクトリー)","5145"
"bag072-256.jpg","手提げバッグ(帆布工房)","3990"
"bag073-256.jpg","メッシュトートバッグ(ディズニー)","4990"
"bag074-256.jpg","ＨＩＰＨＵＲＲＡＹ／手提げバッグ／１１２７６(キプリング／Kipling)","2940"
"bag075-256.jpg","ガーメントケース","3990"
"bag076-256.jpg","軽くてたっぷり入るトラベルボストンバッグ","1290"
"bag077-256.jpg","ハードキャリーバッグ（大）","13990"
"bag078-256.jpg","ミニドラムショルダー(ＲＯＸＹ／ロキシー)","3990"
"bag079-256.jpg","スパンコールのキラキラでゴージャス感たっぷり☆手提げバッグ(デザインファクトリー)","3045"
"bag080-256.jpg","コンパクト収納　ボストンバッグ(ルコック)","1995"
"bag081-256.jpg","カジュアルジムバッグ","4990"
"bag082-256.jpg","ダブルジップバッグ／ショルダーバッグ(キャスキッドソン／Cath Kidston)","8268"
"bag083-256.jpg","オープンキャリオール／トートバッグ(キャスキッドソン／Cath Kidston)","4567"
"bag084-256.jpg","ローズポーチ付きトートバッグ","7980"
"bag085-256.jpg","２ウェイボストンバッグ(ディズニー)","5990"
"bag086-256.jpg","キャリーケース（大）(ディズニー)","18690"
"bag087-256.jpg","母の日　軽量ポケットいっぱい多機能バッグ","3990"
"bag088-256.jpg","ポーチ付き軽量でＡ４も入り通勤にお役立ち☆２ウェイトートバッグ(ＳＡＣ／サック)","4095"
"bag089-256.jpg","ボストンバッグ“オールラウンダーＭ”(ライゼンタール)","3465",
"bag090-256.jpg","レザー手提げバッグ","9990"
"bag091-256.jpg","たためるビックエコバッグ(ディズニー)","1990"
"bag092-256.jpg","キャリーケース(ROXY／ロキシー)","12316"
"bag093-256.jpg","ツーウェイバッグ(ラメットベリー)","3591"
"bag094-256.jpg","コーティングトートバッグ(ディズニー)","4990"
"bag095-256.jpg","レディスフォーマルバッグ","6990"
"bag096-256.jpg","ボストンバッグ／１２４７９(ヴェラ ブラッドリー／Vera Bradley)","8820"
"bag097-256.jpg","ヴィンテージ／ランチトート／ＨＢ１Ｐ０１９(フォリフォリ／Folli Follie)","5775"
"bag098-256.jpg","収納上手さんにオススメ☆２ウェイトートバッグ(ＳＡＣ／サック)","6195"
"bag099-256.jpg","ショッパーＭ(ライゼンタール)","1575"
"bag100-256.jpg","チェックウエストポーチ","1596"
